"LUX Body Wash, XL Pump, Fragrant Skin Black Orchid Scent & Juniper Oil  (750 ml)",₹240,2024-05-14
"LUX Body Wash, XL Pump, Fragrant Skin Black Orchid Scent & Juniper Oil  (750 ml)",₹240,2024-05-14
"LUX Body Wash, XL Pump, Fragrant Skin Black Orchid Scent & Juniper Oil  (750 ml)",₹240,2024-05-14
"LUX Body Wash, XL Pump, Fragrant Skin Black Orchid Scent & Juniper Oil  (750 ml)",₹240,2024-05-14
"LUX Body Wash, XL Pump, Fragrant Skin Black Orchid Scent & Juniper Oil  (750 ml)",₹240,2024-05-14
"LUX Body Wash, XL Pump, Fragrant Skin Black Orchid Scent & Juniper Oil  (750 ml)",₹240,2024-05-14
"LUX Body Wash, XL Pump, Fragrant Skin Black Orchid Scent & Juniper Oil  (750 ml)",₹240,2024-05-14
"LUX Body Wash, XL Pump, Fragrant Skin Black Orchid Scent & Juniper Oil  (750 ml)",₹240,2024-05-14
"LUX Body Wash, XL Pump, Fragrant Skin Black Orchid Scent & Juniper Oil  (750 ml)",₹240,2024-05-14
"LUX Body Wash, XL Pump, Fragrant Skin Black Orchid Scent & Juniper Oil  (750 ml)",₹240,2024-05-14
"LUX Body Wash, XL Pump, Fragrant Skin Black Orchid Scent & Juniper Oil  (750 ml)",₹240,2024-05-14
"LUX Body Wash, XL Pump, Fragrant Skin Black Orchid Scent & Juniper Oil  (750 ml)",₹240,2024-05-14
"LUX Body Wash, XL Pump, Fragrant Skin Black Orchid Scent & Juniper Oil  (750 ml)",₹240,2024-05-14
"LUX Body Wash, XL Pump, Fragrant Skin Black Orchid Scent & Juniper Oil  (750 ml)",₹240,2024-05-14
